<?xml version="1.0" encoding="UTF-8"?>
<!DOCTYPE suite SYSTEM "http://testng.org/testng-1.0.dtd">
<suite name="Suite">
  <test thread-count="5" name="Test1" parallel="classes">
    <classes>
      <class name="automationpractice.com.tests.CreateAccountTest"/>
      <class name="automationpractice.com.tests.SignInTest"/>
      <class name="automationpractice.com.tests.ForgotYourPasswordTest"/>
      <class name="automationpractice.com.tests.ContactUsTest"/>
      <class name="automationpractice.com.tests.AddToCartAndDeleteProductTest"/>
      <class name="automationpractice.com.tests.BestSellerTest"/>
      
    </classes>
  </test> <!-- Test1 -->
</suite> <!-- Suite -->
